code,system
SP08F00,readv2
TB00111,readv2
SP08G00,readv2
SP08D00,readv2
SP08R00,readv2
7B06300,readv2
SP08E00,readv2
SP08W00,readv2
SP08H00,readv2
TB00100,readv2
SP08T00,readv2
7B00500,readv2
SP08V00,readv2
67P4100,readv2
7B00200,readv2
7B00212,readv2
661M200,readv2
SP08N00,readv2
7B00211,readv2
SP08300,readv2
7B00600,readv2
SP08J00,readv2
8L50.00,readv2
7B0Fz00,readv2
A160000,readv2
A160200,readv2
K08y511,readv2
Kyu1E00,readv2
K08y513,readv2
K03T.00,readv2
K08y500,readv2
Kyu1000,readv2
K03y200,readv2
K100000,readv2
K0A3000,readv2
K100.00,readv2
K100100,readv2
K0A0100,readv2
K100600,readv2
K100500,readv2
K0A0000,readv2
K101000,readv2
K101100,readv2
K100z00,readv2
K104.00,readv2
K0A0600,readv2
K03V.00,readv2
K0A3600,readv2
K10y300,readv2
K100400,readv2
K0A3.00,readv2
K0A0.00,readv2
K08z.00,readv2
K04z.00,readv2
K08yz00,readv2
K01z.00,readv2
K080z00,readv2
8882.00,readv2
7L1B000,readv2
7L1A100,readv2
ZV45100,readv2
TB11.11,readv2
Gy10.00,readv2
ZV56.00,readv2
SP07G00,readv2
7257300,readv2
G72C.00,readv2
TA02000,readv2
F447C00,readv2
ZV56y11,readv2
7L1A011,readv2
Gy60.00,readv2
Gy31.00,readv2
SP01500,readv2
7L1B.11,readv2
ZV56100,readv2
Gy21.00,readv2
SP0E.00,readv2
14V2.00,readv2
Z1A1.00,readv2
G72D200,readv2
7L1A.11,readv2
G72D100,readv2
4I29.00,readv2
7L1A400,readv2
Gy40.00,readv2
TA22000,readv2
SP05613,readv2
G72D.00,readv2
Gy3..00,readv2
7L1A000,readv2
Z1A..00,readv2
7A60600,readv2
ZV56011,readv2
7L1A600,readv2
14V2.11,readv2
ZV56z00,readv2
7L1B200,readv2
Gy1..00,readv2
ZVu3G00,readv2
ZV56y00,readv2
Gy41.00,readv2
TB11.00,readv2
7L1B100,readv2
Z91A.00,readv2
Gy30.00,readv2
7L1C000,readv2
K0A5200,readv2
583 GC,readv2
K13yz11,readv2
K03z.00,readv2
K00..00,readv2
K031.00,readv2
K032y11,readv2
K02y200,readv2
K00yz00,readv2
K0A8.00,readv2
K02..00,readv2
K00y200,readv2
K011.00,readv2
K03..00,readv2
K032200,readv2
K00y000,readv2
K033.00,readv2
K02..11,readv2
K000111,readv2
K00..11,readv2
582 N,readv2
K021.00,readv2
K00y100,readv2
K02yz00,readv2
K03..11,readv2
K02y000,readv2
7598A,readv2
K00y.00,readv2
K023.00,readv2
K00z.00,readv2
K02z.00,readv2
K001.00,readv2
583 A,readv2
D310100,readv2
K02y.00,readv2
14D1.00,readv2
K000100,readv2
K013.00,readv2
K01x411,readv2
K08y.00,readv2
K08..00,readv2
K060.11,readv2
9Ot4.00,readv2
9Ot3.00,readv2
1Z19.00,readv2
1Z1F.00,readv2
K052.00,readv2
K100200,readv2
1Z16.00,readv2
1Z13.00,readv2
1Z17.00,readv2
1Z1D.00,readv2
K02..12,readv2
1Z1H.00,readv2
1Z18.00,readv2
K054.00,readv2
K055.00,readv2
1Z11.00,readv2
K05..00,readv2
9Ot..00,readv2
1Z1E.00,readv2
1Z12.00,readv2
Kyu2100,readv2
1Z15.00,readv2
1Z1..00,readv2
6AA..00,readv2
1Z1G.00,readv2
1Z1A.00,readv2
K053.00,readv2
1Z14.00,readv2
1Z1J.00,readv2
5932EC,readv2
9Ni9.00,readv2
66i..00,readv2
K05..13,readv2
1Z1L.00,readv2
1Z10.00,readv2
1Z1C.00,readv2
1Z1K.00,readv2
1Z1B.00,readv2
K051.00,readv2
K100300,readv2
K10y.00,readv2
SP15411,readv2
K034.00,readv2
K041.00,readv2
K0C1.00,readv2
Kyu1400,readv2
K0A5600,readv2
K01A.00,readv2
K01y.00,readv2
K050.00,readv2
K05..12,readv2
K018.00,readv2
Z919300,readv2
7L1A200,readv2
Z919.00,readv2
Z919100,readv2
K0A3200,readv2
K016.00,readv2
K02y300,readv2
K01B.00,readv2
K00y300,readv2
K04y.00,readv2
Kyu2000,readv2
K0A1600,readv2
K0A1.00,readv2
K017.00,readv2
K0A0200,readv2
Kyu0900,readv2
K03W.00,readv2
K0A0700,readv2
K0A3700,readv2
K0A3100,readv2
K03X.00,readv2
K0A1100,readv2
K0A1700,readv2
K032600,readv2
7A61A00,readv2
K0A2800,readv2
7A61900,readv2
K032y00,readv2
K012.00,readv2
K032.00,readv2
K032000,readv2
K022.00,readv2
583 MP,readv2
K032z00,readv2
5930AR,readv2
K06..11,readv2
F374A00,readv2
K05..11,readv2
1Z1L.11,readv2
1Z1K.11,readv2
1Z19.11,readv2
1Z1H.11,readv2
1Z1C.11,readv2
1Z1J.11,readv2
1Z1G.11,readv2
1Z1B.11,readv2
1Z1F.11,readv2
1Z1D.11,readv2
1Z1E.11,readv2
1Z1A.11,readv2
1Z17.11,readv2
K13yB00,readv2
K0G..00,readv2
K0C0.00,readv2
K0B6.00,readv2
C372411,readv2
C372400,readv2
K080200,readv2
K01x111,readv2
K080300,readv2
K080100,readv2
K080000,readv2
K0A4X00,readv2
K0A4W00,readv2
Kyu0F00,readv2
K0A5X00,readv2
K0A4.00,readv2
K03U.00,readv2
K0A3500,readv2
K0A0400,readv2
K0A5500,readv2
K0A3300,readv2
K0A1300,readv2
K0A0500,readv2
K0A1200,readv2
K0A3400,readv2
K0A5300,readv2
K0A0300,readv2
K019.00,readv2
K032y13,readv2
K032y14,readv2
583 MA,readv2
K0A2300,readv2
K0A2500,readv2
7L1B.00,readv2
7L1Cz00,readv2
7L1By00,readv2
7L1Ay00,readv2
7L1C.00,readv2
7L1Cy00,readv2
7L1Az00,readv2
7L1A.00,readv2
Gy5..00,readv2
Gy51.00,readv2
A786.00,readv2
K06..12,readv2
K06..00,readv2
K03..12,readv2
K035.00,readv2
K0C2.00,readv2
C353600,readv2
9Ot0.00,readv2
SP0F.00,readv2
7L1A500,readv2
SP06B00,readv2
4N2..00,readv2
4N0..00,readv2
ZV42000,readv2
9Ot2.00,readv2
14S2.00,readv2
PD23.00,readv2
K0y..00,readv2
K03y000,readv2
K03y.00,readv2
K0...00,readv2
K0z..00,readv2
K013.11,readv2
K01w000,readv2
Kyu1100,readv2
K03yz00,readv2
9Ot1.00,readv2
D215.00,readv2
D215000,readv2
5932MN,readv2
K042.00,readv2
K000.00,readv2
K020.00,readv2
K030.00,readv2
K010.00,readv2
K032y15,readv2
K0A5.00,readv2
K0C4.00,readv2
K014.00,readv2
K0A5000,readv2
K0E..00,readv2
Kyu2.00,readv2
5932E,readv2
K0A2200,readv2
K0A2700,readv2
K081.00,readv2
Cyu2300,readv2
5930A,readv2
K080.00,readv2
5930R,readv2
K08y700,readv2
K105.00,readv2
SP0G.00,readv2
K032300,readv2
K032400,readv2
K032500,readv2
ZV56000,readv2
7L1f000,readv2
K01..00,readv2
K01w112,readv2
K01x300,readv2
K01x.00,readv2
K01x000,readv2
K013.12,readv2
K08y000,readv2
5932KH,readv2
K190X00,readv2
Kyu5G00,readv2
G22z.11,readv2
G22..00,readv2
G233.00,readv2
F410400,readv2
A844100,readv2
K01x200,readv2
7B00400,readv2
K0A5100,readv2
K0D..00,readv2
C341z00,readv2
C341.00,readv2
K04E.00,readv2
Z1A2.00,readv2
Q48y000,readv2
K01w.00,readv2
583 MN,readv2
7261011,readv2
K015.00,readv2